{
    "app-id": "fr.handbrake.ghb",
    "runtime": "org.gnome.Platform",
    "runtime-version": "43",
    "sdk": "org.gnome.Sdk",
    "command": "ghb",
    "finish-args": [
        "--device=dri",
        "--share=ipc",
        "--socket=fallback-x11",
        "--socket=wayland",
        "--filesystem=host",
        "--filesystem=xdg-run/gvfs",
        "--filesystem=xdg-run/gvfsd",
        "--filesystem=xdg-config/gtk-3.0",
        "--talk-name=org.gtk.vfs.*",
        "--system-talk-name=org.freedesktop.login1",
        "--env=PATH=/app/bin:/app/extensions/bin:/usr/bin",
        "--env=LIBVA_DRIVERS_PATH=/app/extensions/lib/dri",
        "--env=LD_LIBRARY_PATH=/app/extensions/lib",
        "--env=JAVA_HOME=/app/extensions/jre",
        "--env=GIO_EXTRA_MODULES=/app/lib/gio/modules"
    ],
    "add-extensions": {
        "fr.handbrake.ghb.Plugin": {
            "version": "1",
            "directory": "extensions",
            "add-ld-path": "lib",
            "merge-dirs": "lib;bin;share;jre",
            "subdirectories": true,
            "no-autodownload": true,
            "autodelete": true
        }
    },
    "modules": [
        {
            "name": "numactl",
            "sources": [
                {
                    "type": "git",
                    "url": "https://github.com/numactl/numactl.git",
                    "tag": "v2.0.16",
                    "commit": "10285f1a1bad49306839b2c463936460b604e3ea",
                    "x-checker-data": {
                        "type": "git",
                        "tag-pattern": "^v([\\d.]+)$"
                    }
                }
            ]
        },
        {
            "name": "handbrake",
            "no-autogen": true,
            "config-opts": [
                "--flatpak",
                "--disable-gtk-update-checks",
                "--enable-qsv",
                "--enable-nvenc",
                "--enable-nvdec"
            ],
            "builddir": true,
            "post-install": [
                "install -d /app/extensions"
            ],
            "sources": [
                {
                    "url": "https://github.com/HandBrake/HandBrake/releases/download/1.6.1/HandBrake-1.6.1-source.tar.bz2",
                    "sha256": "94ccfe03db917a91650000c510f7fd53f844da19f19ad4b4be1b8f6bc31a8d4c",
                    "type": "archive",
                    "strip-components": 1
                },
                {
                    "url": "https://github.com/HandBrake/HandBrake-contribs/releases/download/contribs/libass-0.16.0.tar.gz",
                    "sha256": "fea8019b1887cab9ab00c1e58614b4ec2b1cee339b3f7e446f5fab01b032d430",
                    "type": "file",
                    "dest": "download",
                    "dest-filename": "libass-0.16.0.tar.gz"
                },
                {
                    "url": "https://github.com/HandBrake/HandBrake-contribs/releases/download/contribs/jansson-2.14.tar.bz2",
                    "sha256": "fba956f27c6ae56ce6dfd52fbf9d20254aad42821f74fa52f83957625294afb9",
                    "type": "file",
                    "dest": "download",
                    "dest-filename": "jansson-2.14.tar.bz2"
                },
                {
                    "url": "https://github.com/HandBrake/HandBrake-contribs/releases/download/contribs/x264-snapshot-20221003-3100.tar.gz",
                    "sha256": "e290c843b29e5a22ae501744481be6b7e7e6501fa8685dbfdc607aae2400e2d5",
                    "type": "file",
                    "dest": "download",
                    "dest-filename": "x264-snapshot-20221003-3100.tar.gz"
                },
                {
                    "url": "https://github.com/HandBrake/HandBrake-contribs/releases/download/contribs/x265-snapshot-20221130-12747.tar.gz",
                    "sha256": "1a2418fd757a3d92928acacef2ae8ddb71f7aecc8803890eacb55f6e3a62bba5",
                    "type": "file",
                    "dest": "download",
                    "dest-filename": "x265-snapshot-20221130-12747.tar.gz"
                },
                {
                    "url": "https://github.com/HandBrake/HandBrake-contribs/releases/download/contribs/dav1d-1.0.0.tar.bz2",
                    "sha256": "4a4eb6cecbc8c26916ef58886d478243de8bcc46710b369c04d6891b0155ac0f",
                    "type": "file",
                    "dest": "download",
                    "dest-filename": "dav1d-1.0.0.tar.bz2"
                },
                {
                    "url": "https://github.com/HandBrake/HandBrake-contribs/releases/download/contribs/SVT-AV1-v1.4.1.tar.gz",
                    "sha256": "e3f7fc194afc6c90b43e0b80fa24c09940cb03bea394e0e1f5d1ded18e9ab23f",
                    "type": "file",
                    "dest": "download",
                    "dest-filename": "SVT-AV1-v1.4.1.tar.gz"
                },
                {
                    "url": "https://github.com/HandBrake/HandBrake-contribs/releases/download/contribs/zimg-3.0.4.tar.gz",
                    "sha256": "219d1bc6b7fde1355d72c9b406ebd730a4aed9c21da779660f0a4c851243e32f",
                    "type": "file",
                    "dest": "download",
                    "dest-filename": "zimg-3.0.4.tar.gz"
                },
                {
                    "url": "https://github.com/HandBrake/HandBrake-contribs/releases/download/contribs/ffmpeg-5.1.2.tar.bz2",
                    "sha256": "39a0bcc8d98549f16c570624678246a6ac736c066cebdb409f9502e915b22f2b",
                    "type": "file",
                    "dest": "download",
                    "dest-filename": "ffmpeg-5.1.2.tar.bz2"
                },
                {
                    "url": "https://github.com/HandBrake/HandBrake-contribs/releases/download/contribs/libdvdread-6.1.3.tar.bz2",
                    "sha256": "ce35454997a208cbe50e91232f0e73fb1ac3471965813a13b8730a8f18a15369",
                    "type": "file",
                    "dest": "download",
                    "dest-filename": "libdvdread-6.1.3.tar.bz2"
                },
                {
                    "url": "https://github.com/HandBrake/HandBrake-contribs/releases/download/contribs/libdvdnav-6.1.1.tar.bz2",
                    "sha256": "c191a7475947d323ff7680cf92c0fb1be8237701885f37656c64d04e98d18d48",
                    "type": "file",
                    "dest": "download",
                    "dest-filename": "libdvdnav-6.1.1.tar.bz2"
                },
                {
                    "url": "https://github.com/HandBrake/HandBrake-contribs/releases/download/contribs/libbluray-1.3.4.tar.bz2",
                    "sha256": "478ffd68a0f5dde8ef6ca989b7f035b5a0a22c599142e5cd3ff7b03bbebe5f2b",
                    "type": "file",
                    "dest": "download",
                    "dest-filename": "libbluray-1.3.4.tar.bz2"
                },
                {
                    "url": "https://github.com/oneapi-src/oneVPL/archive/refs/tags/v2023.1.0.tar.gz",
                    "sha256": "0a1991278c64849f471e4b307a7c01f465a308674f359054886c32352e887b60",
                    "type": "file",
                    "dest": "download",
                    "dest-filename": "oneVPL-2023.1.0.tar.gz"
                },
                {
                    "url": "https://github.com/HandBrake/HandBrake-contribs/releases/download/contribs/nv-codec-headers-11.0.10.1.tar.gz",
                    "sha256": "97e37b85922f1167b2f0bf0bb804c3d7266cc679e78814fe820cf8912a0e1291",
                    "type": "file",
                    "dest": "download",
                    "dest-filename": "nv-codec-headers-11.0.10.1.tar.gz"
                }
            ],
            "modules": [],
            "build-options": {
                "append-path": "/usr/lib/sdk/llvm14/bin",
                "prepend-ld-library-path": "/usr/lib/sdk/llvm14/lib"
            }
        }
    ],
    "sdk-extensions": [
        "org.freedesktop.Sdk.Extension.llvm14"
    ]
}